Fecha;ultimo;Apertura;Maximo;Minimo;Vol;varic
4/10/2019;1.300,00;1.305,00;1.310,00;1.300,00;960,30K;-0,38%
7/10/2019;1.310,00;1.300,00;1.310,00;1.300,00;1,11M;0,77%
8/10/2019;1.295,00;1.305,00;1.305,00;1.295,00;2,43M;-1,15%
9/10/2019;1.300,00;1.300,00;1.310,00;1.295,00;475,40K;0,39%
10/10/2019;1.285,00;1.300,00;1.305,00;1.285,00;7,04M;-1,15%
11/10/2019;1.310,00;1.295,00;1.310,00;1.290,00;1,90M;1,95%
15/10/2019;1.285,00;1.295,00;1.305,00;1.285,00;2,42M;-1,91%
16/10/2019;1.290,00;1.290,00;1.305,00;1.290,00;3,55M;0,39%
17/10/2019;1.305,00;1.295,00;1.305,00;1.290,00;2,66M;1,16%
18/10/2019;1.290,00;1.295,00;1.295,00;1.290,00;1,21M;-1,15%
21/10/2019;1.315,00;1.290,00;1.315,00;1.290,00;2,53M;1,94%
22/10/2019;1.330,00;1.310,00;1.330,00;1.305,00;2,63M;1,14%
23/10/2019;1.325,00;1.330,00;1.330,00;1.305,00;4,46M;-0,38%
24/10/2019;1.315,00;1.305,00;1.325,00;1.300,00;24,43M;-0,75%
25/10/2019;1.350,00;1.325,00;1.350,00;1.325,00;6,82M;2,66%
28/10/2019;1.360,00;1.340,00;1.380,00;1.340,00;4,13M;0,74%
29/10/2019;1.380,00;1.355,00;1.385,00;1.355,00;5,47M;1,47%
30/10/2019;1.380,00;1.375,00;1.380,00;1.370,00;1,33M;0,00%
31/10/2019;1.385,00;1.370,00;1.385,00;1.370,00;5,26M;0,36%
1/11/2019;1.420,00;1.375,00;1.440,00;1.375,00;2,71M;2,53%
5/11/2019;1.425,00;1.420,00;1.430,00;1.410,00;6,87M;0,35%
6/11/2019;1.405,00;1.415,00;1.420,00;1.390,00;2,51M;-1,40%
7/11/2019;1.405,00;1.400,00;1.415,00;1.400,00;3,57M;0,00%
8/11/2019;1.410,00;1.380,00;1.410,00;1.380,00;1,70M;0,36%
12/11/2019;1.430,00;1.410,00;1.435,00;1.410,00;6,08M;1,42%
13/11/2019;1.405,00;1.425,00;1.430,00;1.395,00;3,25M;-1,75%
14/11/2019;1.400,00;1.390,00;1.415,00;1.390,00;870,30K;-0,36%
15/11/2019;1.410,00;1.400,00;1.415,00;1.400,00;3,09M;0,71%
18/11/2019;1.385,00;1.390,00;1.410,00;1.385,00;833,30K;-1,77%
19/11/2019;1.385,00;1.390,00;1.415,00;1.385,00;3,30M;0,00%
20/11/2019;1.395,00;1.385,00;1.400,00;1.380,00;811,40K;0,72%
21/11/2019;1.385,00;1.390,00;1.390,00;1.370,00;4,27M;-0,72%
22/11/2019;1.400,00;1.380,00;1.400,00;1.375,00;1,67M;1,08%
25/11/2019;1.380,00;1.380,00;1.390,00;1.365,00;4,41M;-1,43%
26/11/2019;1.405,00;1.350,00;1.405,00;1.350,00;12,66M;1,81%
27/11/2019;1.385,00;1.380,00;1.395,00;1.365,00;10,03M;-1,42%
28/11/2019;1.395,00;1.390,00;1.420,00;1.390,00;1,31M;0,72%
29/11/2019;1.415,00;1.395,00;1.415,00;1.390,00;3,68M;1,43%
2/12/2019;1.405,00;1.405,00;1.405,00;1.400,00;2,55M;-0,71%
3/12/2019;1.415,00;1.405,00;1.415,00;1.400,00;1,26M;0,71%
4/12/2019;1.420,00;1.405,00;1.430,00;1.405,00;3,87M;0,35%
5/12/2019;1.420,00;1.410,00;1.420,00;1.410,00;4,51M;0,00%
6/12/2019;1.415,00;1.415,00;1.420,00;1.410,00;36,62M;-0,35%
9/12/2019;1.415,00;1.415,00;1.420,00;1.415,00;2,54M;0,00%
10/12/2019;1.410,00;1.415,00;1.425,00;1.410,00;15,79M;-0,35%
11/12/2019;1.420,00;1.410,00;1.420,00;1.410,00;17,13M;0,71%
12/12/2019;1.425,00;1.415,00;1.425,00;1.415,00;7,06M;0,35%
13/12/2019;1.420,00;1.420,00;1.435,00;1.420,00;6,45M;-0,35%
16/12/2019;1.425,00;1.420,00;1.430,00;1.420,00;1,67M;0,35%
17/12/2019;1.425,00;1.425,00;1.425,00;1.410,00;5,99M;0,00%
18/12/2019;1.440,00;1.425,00;1.440,00;1.415,00;4,62M;1,05%
19/12/2019;1.440,00;1.440,00;1.440,00;1.425,00;2,95M;0,00%
20/12/2019;1.440,00;1.430,00;1.450,00;1.425,00;14,31M;0,00%
23/12/2019;1.475,00;1.430,00;1.475,00;1.430,00;2,86M;2,43%
24/12/2019;1.460,00;1.480,00;1.480,00;1.460,00;209,80K;-1,02%
26/12/2019;1.450,00;1.450,00;1.465,00;1.450,00;1,70M;-0,68%
27/12/2019;1.475,00;1.450,00;1.475,00;1.445,00;1,17M;1,72%
30/12/2019;1.460,00;1.475,00;1.480,00;1.430,00;1,75M;-1,02%
2/01/2020;1.460,00;1.430,00;1.460,00;1.430,00;1,25M;0,00%
3/01/2020;1.470,00;1.460,00;1.480,00;1.445,00;2,00M;0,68%
7/01/2020;1.450,00;1.440,00;1.470,00;1.440,00;1,83M;-1,36%
8/01/2020;1.445,00;1.440,00;1.445,00;1.425,00;11,46M;-0,34%
9/01/2020;1.460,00;1.440,00;1.460,00;1.435,00;10,77M;1,04%
10/01/2020;1.465,00;1.440,00;1.465,00;1.440,00;1,53M;0,34%
13/01/2020;1.465,00;1.455,00;1.465,00;1.440,00;6,81M;0,00%
14/01/2020;1.475,00;1.460,00;1.475,00;1.450,00;3,95M;0,68%
15/01/2020;1.460,00;1.460,00;1.465,00;1.455,00;4,52M;-1,02%
16/01/2020;1.445,00;1.455,00;1.455,00;1.445,00;6,27M;-1,03%
17/01/2020;1.450,00;1.445,00;1.460,00;1.440,00;11,11M;0,35%
20/01/2020;1.455,00;1.440,00;1.455,00;1.440,00;101,10K;0,34%
21/01/2020;1.455,00;1.445,00;1.460,00;1.445,00;2,56M;0,00%
22/01/2020;1.445,00;1.445,00;1.455,00;1.445,00;8,64M;-0,69%
23/01/2020;1.445,00;1.440,00;1.450,00;1.440,00;1,91M;0,00%
24/01/2020;1.440,00;1.450,00;1.450,00;1.430,00;10,16M;-0,35%
27/01/2020;1.430,00;1.435,00;1.435,00;1.415,00;2,69M;-0,69%
28/01/2020;1.430,00;1.430,00;1.440,00;1.425,00;2,10M;0,00%
29/01/2020;1.440,00;1.430,00;1.450,00;1.430,00;4,03M;0,70%
30/01/2020;1.450,00;1.445,00;1.450,00;1.435,00;2,94M;0,69%
31/01/2020;1.450,00;1.435,00;1.450,00;1.435,00;9,95M;0,00%
3/02/2020;1.445,00;1.450,00;1.455,00;1.440,00;2,44M;-0,34%
4/02/2020;1.460,00;1.450,00;1.460,00;1.450,00;4,73M;1,04%
5/02/2020;1.460,00;1.460,00;1.470,00;1.460,00;3,54M;0,00%
6/02/2020;1.470,00;1.470,00;1.470,00;1.460,00;6,20M;0,68%
7/02/2020;1.480,00;1.470,00;1.480,00;1.465,00;1,36M;0,68%
10/02/2020;1.465,00;1.480,00;1.480,00;1.465,00;1,75M;-1,01%
11/02/2020;1.480,00;1.465,00;1.480,00;1.465,00;2,85M;1,02%
12/02/2020;1.475,00;1.475,00;1.490,00;1.475,00;4,65M;-0,34%
13/02/2020;1.475,00;1.470,00;1.475,00;1.460,00;12,32M;0,00%
14/02/2020;1.480,00;1.465,00;1.485,00;1.465,00;4,44M;0,34%
17/02/2020;1.485,00;1.480,00;1.490,00;1.480,00;905,00K;0,34%
18/02/2020;1.505,00;1.480,00;1.505,00;1.480,00;5,05M;1,35%
19/02/2020;1.505,00;1.490,00;1.515,00;1.490,00;7,83M;0,00%
20/02/2020;1.505,00;1.500,00;1.515,00;1.490,00;9,43M;0,00%
21/02/2020;1.475,00;1.500,00;1.500,00;1.470,00;4,77M;-1,99%
24/02/2020;1.500,00;1.470,00;1.500,00;1.455,00;9,76M;1,69%
25/02/2020;1.490,00;1.460,00;1.505,00;1.460,00;6,22M;-0,67%
26/02/2020;1.475,00;1.490,00;1.505,00;1.465,00;14,95M;-1,01%
27/02/2020;1.450,00;1.450,00;1.470,00;1.450,00;12,31M;-1,69%
28/02/2020;1.450,00;1.445,00;1.450,00;1.405,00;15,61M;0,00%
2/03/2020;1.405,00;1.445,00;1.455,00;1.405,00;6,59M;-3,10%
3/03/2020;1.410,00;1.425,00;1.450,00;1.410,00;10,36M;0,36%
4/03/2020;1.425,00;1.405,00;1.435,00;1.400,00;2,23M;1,06%
5/03/2020;1.435,00;1.400,00;1.435,00;1.400,00;4,58M;0,70%
6/03/2020;1.390,00;1.420,00;1.420,00;1.380,00;15,36M;-3,14%
9/03/2020;1.250,00;1.395,00;1.395,00;1.250,00;13,05M;-10,07%
10/03/2020;1.270,00;1.275,00;1.290,00;1.250,00;5,13M;1,60%
11/03/2020;1.210,00;1.265,00;1.270,00;1.200,00;9,12M;-4,72%
12/03/2020;1.055,00;1.165,00;1.165,00;1.045,00;3,52M;-12,81%
16/03/2020;950;1.035,00;1.035,00;940;3,45M;-9,95%
17/03/2020;907;910;1.000,00;900;68,23M;-4,53%
18/03/2020;793;900;900;793;47,17M;-12,57%
19/03/2020;800;810;840;780;5,35M;0,88%
20/03/2020;748;807;850;748;9,97M;-6,50%
24/03/2020;700;748;760;700;8,20M;-6,42%
25/03/2020;860;700;880;700;5,57M;22,86%
26/03/2020;995;899;995;899;8,79M;15,70%
27/03/2020;920;968;968;866;7,48M;-7,54%
30/03/2020;959;910;959;908;2,37M;4,24%
31/03/2020;897;960;960;897;7,55M;-6,47%
1/04/2020;886;874;886;840;3,96M;-1,23%
2/04/2020;930;870;930;861;4,59M;4,97%
3/04/2020;906;920;920;890;5,67M;-2,58%
6/04/2020;955;917;970;916;8,49M;5,41%
7/04/2020;932;968;990;932;5,18M;-2,41%
8/04/2020;936;940;952;915;3,67M;0,43%
13/04/2020;951;933;958;915;4,51M;1,60%
14/04/2020;949;965;986;949;12,97M;-0,21%
15/04/2020;930;940;963;925;7,96M;-2,00%
16/04/2020;941;942;942;920;5,88M;1,18%
17/04/2020;945;942;967;942;6,30M;0,43%
20/04/2020;937;942;959;925;4,85M;-0,85%
21/04/2020;914;925;929;911;3,51M;-2,45%
22/04/2020;896;920;926;880;11,04M;-1,97%
23/04/2020;850;890;900;850;16,02M;-5,13%
24/04/2020;820;855;865;810;14,03M;-3,53%
27/04/2020;820;843;843;817;4,89M;0,00%
28/04/2020;850;830;850;820;6,30M;3,66%
29/04/2020;852;856;878;851;7,06M;0,24%
30/04/2020;845;851;859;830;9,43M;-0,82%
4/05/2020;820;838;838;797;11,92M;-2,96%
5/05/2020;817;830;832;815;2,53M;-0,37%
6/05/2020;803;816;818;800;16,35M;-1,71%
7/05/2020;802;814;817;801;12,23M;-0,12%
8/05/2020;805;810;814;802;9,45M;0,37%
11/05/2020;790;810;810;780;10,54M;-1,86%
12/05/2020;794;791;800;780;6,74M;0,51%
13/05/2020;773;790;790;770;14,32M;-2,64%
14/05/2020;754;770;770;744;27,29M;-2,46%
15/05/2020;754;753;762;742;29,53M;0,00%
18/05/2020;785;762;793;761;38,17M;4,11%
19/05/2020;780;785;785;773;17,34M;-0,64%
20/05/2020;785;780;791;780;35,09M;0,64%
21/05/2020;780;780;793;780;16,77M;-0,64%
22/05/2020;781;784;786;768;19,72M;0,13%
26/05/2020;797;790;797;789;20,68M;2,05%
27/05/2020;814;800;814;800;24,50M;2,13%
28/05/2020;826;810;840;803;31,98M;1,47%
29/05/2020;841;829;841;811;390,26M;1,82%
1/06/2020;854;854;860;841;28,57M;1,55%
2/06/2020;855;860;865;854;8,75M;0,12%
3/06/2020;880;855;884;855;31,26M;2,92%
4/06/2020;885;878;892;874;20,36M;0,57%
5/06/2020;912;897;927;892;21,24M;3,05%
8/06/2020;933;925;940;925;15,58M;2,30%
9/06/2020;904;932;932;897;21,20M;-3,11%
10/06/2020;888;900;912;887;11,53M;-1,77%
11/06/2020;860;881;881;840;17,48M;-3,15%
12/06/2020;875;881;888;870;17,80M;1,74%
16/06/2020;875;890;910;875;7,61M;0,00%
17/06/2020;875;875;877;863;3,04M;0,00%
18/06/2020;869;869;870;866;5,77M;-0,69%
19/06/2020;850;875;875;850;18,51M;-2,19%
23/06/2020;845;845;845;836;9,85M;-0,59%
24/06/2020;820;836;836;820;9,49M;-2,96%
25/06/2020;846;812;849;812;8,74M;3,17%
26/06/2020;830;850;850;830;3,11M;-1,89%
30/06/2020;830;825;835;818;4,16M;0,00%
1/07/2020;824;840;840;822;2,45M;-0,72%
2/07/2020;827;830;840;824;4,03M;0,36%
3/07/2020;835;833;836;830;721,82K;0,97%
6/07/2020;838;845;846;835;4,68M;0,36%
7/07/2020;837;830;840;830;4,47M;-0,12%
8/07/2020;849;839;849;839;5,68M;1,43%
9/07/2020;850;857;860;845;10,11M;0,12%
10/07/2020;852;850;858;844;2,33M;0,24%
13/07/2020;860;860;870;858;11,18M;0,94%
14/07/2020;857;858;860;853;8,41M;-0,35%
15/07/2020;867;865;868;859;5,05M;1,17%
16/07/2020;870;861;873;860;3,33M;0,35%
17/07/2020;875;870;879;870;10,03M;0,57%
21/07/2020;885;865;890;861;5,68M;1,14%
22/07/2020;883;882;887;876;3,14M;-0,23%
23/07/2020;890;883;895;883;5,13M;0,79%
24/07/2020;884;890;894;884;3,41M;-0,67%
27/07/2020;890;884;894;881;2,73M;0,68%
28/07/2020;889;891;893;885;5,20M;-0,11%
29/07/2020;889;885;889;883;31,15M;0,00%
30/07/2020;880;882;883;875;5,45M;-1,01%
31/07/2020;870;882;883;868;20,25M;-1,14%
3/08/2020;862;870;878;862;8,79M;-0,92%
4/08/2020;862;865;870;861;8,03M;0,00%
5/08/2020;861;866;869;860;3,40M;-0,12%
6/08/2020;856;860;860;848;9,33M;-0,58%
10/08/2020;856;856;868;854;4,35M;0,00%
11/08/2020;860;863;867;860;5,40M;0,47%
12/08/2020;862;872;872;858;1,35M;0,23%
13/08/2020;870;861;870;859;1,62M;0,93%
14/08/2020;867;865;867;860;4,43M;-0,34%
18/08/2020;864;858;868;858;3,95M;-0,35%
19/08/2020;879;869;879;868;7,28M;1,74%
20/08/2020;889;874;889;874;3,57M;1,14%
21/08/2020;892;890;894;889;5,78M;0,34%
24/08/2020;905;892;908;892;3,28M;1,46%
25/08/2020;938;907;938;907;14,97M;3,65%
26/08/2020;928;938;938;925;9,59M;-1,07%
27/08/2020;929;928;934;927;6,51M;0,11%
28/08/2020;930;926;934;921;7,95M;0,11%
31/08/2020;935;925;935;919;6,63M;0,54%
1/09/2020;950;932;950;931;12,67M;1,60%
2/09/2020;961;958;970;955;11,51M;1,16%
3/09/2020;945;960;960;940;7,84M;-1,66%
4/09/2020;950;958;958;940;2,71M;0,53%
7/09/2020;951;948;960;948;1,84M;0,11%
8/09/2020;934;948;954;934;5,41M;-1,79%
9/09/2020;938;945;945;938;4,14M;0,43%
10/09/2020;925;935;935;925;58,79M;-1,39%
11/09/2020;925;924;928;917;2,95M;0,00%
14/09/2020;907;925;926;907;8,59M;-1,95%
15/09/2020;901;905;916;901;2,53M;-0,66%
16/09/2020;909;920;920;904;22,39M;0,89%
17/09/2020;905;909;914;904;2,86M;-0,44%
18/09/2020;915;905;915;903;17,31M;1,10%
21/09/2020;910;911;913;900;4,72M;-0,55%
22/09/2020;909;909;912;908;1,92M;-0,11%
23/09/2020;901;909;909;900;5,90M;-0,88%
24/09/2020;906;900;906;899;5,30M;0,55%
25/09/2020;906;907;909;906;1,14M;0,00%
28/09/2020;917;910;924;910;1,93M;1,21%
29/09/2020;911;912;920;910;4,33M;-0,65%
30/09/2020;898;910;910;897;7,89M;-1,43%
1/10/2020;903;900;905;899;1,82M;0,56%
2/10/2020;897;902;909;897;1,66M;-0,66%
5/10/2020;893;895;900;893;13,20M;-0,45%
6/10/2020;896,6;895;900,8;895;3,39M;0,40%
7/10/2020;900;900;903;898,2;905,48K;0,38%
8/10/2020;908;900;909;900;1,62M;0,89%
9/10/2020;905;905;905;897;6,06M;-0,33%
13/10/2020;890,1;895,2;895,2;888;4,50M;-1,65%
14/10/2020;875,1;886;886;874;9,49M;-1,69%
15/10/2020;905;870;905;863,3;7,54M;3,42%
16/10/2020;900;892,5;904;892,5;3,20M;-0,55%
19/10/2020;891;892;905;891;4,05M;-1,00%
20/10/2020;901,9;898,5;904,2;891;7,54M;1,22%
21/10/2020;903;901,6;909,3;899;11,27M;0,12%
22/10/2020;906;899,9;908;894,3;1,20M;0,33%
23/10/2020;905,1;908;908;905,1;253,45K;-0,10%
26/10/2020;897,3;900;900;895;1,16M;-0,86%
27/10/2020;888;895,3;896;887,4;5,25M;-1,04%
28/10/2020;875,1;888;888;870,1;4,50M;-1,45%
29/10/2020;881;873;881;864;5,06M;0,67%
30/10/2020;890;876,1;894,5;873;15,11M;1,02%
3/11/2020;901;900;905;895;4,44M;1,24%
4/11/2020;902;904,8;907,5;896;1,21M;0,11%
5/11/2020;910;896,8;912;896,8;13,63M;0,89%
6/11/2020;915;910;915;906;2,13M;0,55%
9/11/2020;929,8;915;950;915;10,38M;1,62%
10/11/2020;928;935,2;939,6;928;2,94M;-0,19%
11/11/2020;929;928;939,6;928;3,19M;0,11%
12/11/2020;930,4;931,9;933;921,1;3,62M;0,15%
13/11/2020;929;930;930;921,9;1,62M;-0,15%
17/11/2020;922,7;929,4;934,8;922,7;11,18M;-0,68%
18/11/2020;930;924;933,3;924;5,88M;0,79%
19/11/2020;935;934,9;945;934,9;4,80M;0,54%
20/11/2020;947;930;947;929;4,56M;1,28%
23/11/2020;970;950;970,1;950;7,31M;2,43%
24/11/2020;1.005,00;973;1.015,00;973;23,10M;3,61%
25/11/2020;1.006,00;997;1.009,00;992;5,52M;0,10%
26/11/2020;1.008,00;1.006,00;1.013,00;1.000,00;3,23M;0,20%
27/11/2020;1.015,00;1.009,00;1.025,00;1.001,00;7,54M;0,69%
30/11/2020;1.040,00;1.003,00;1.040,00;1.000,00;6,39M;2,46%
1/12/2020;1.048,00;1.010,00;1.072,00;1.010,00;7,18M;0,77%
2/12/2020;1.066,00;1.049,00;1.075,00;1.049,00;11,05M;1,72%
3/12/2020;1.085,00;1.075,00;1.085,00;1.054,00;5,01M;1,78%
4/12/2020;1.110,00;1.085,00;1.126,00;1.073,00;9,15M;2,30%
7/12/2020;1.138,00;1.120,00;1.150,00;1.090,00;6,94M;2,52%
9/12/2020;1.150,00;1.141,00;1.165,00;1.139,00;9,91M;1,05%
10/12/2020;1.140,00;1.150,00;1.168,00;1.131,00;8,62M;-0,87%
11/12/2020;1.130,00;1.135,00;1.135,00;1.116,00;8,66M;-0,88%
14/12/2020;1.135,00;1.140,00;1.150,00;1.131,00;4,97M;0,44%
15/12/2020;1.155,00;1.140,00;1.157,00;1.136,00;8,06M;1,76%
16/12/2020;1.179,00;1.150,00;1.184,00;1.148,00;7,16M;2,08%
17/12/2020;1.192,00;1.184,00;1.204,00;1.180,00;7,60M;1,10%
18/12/2020;1.180,00;1.197,00;1.204,00;1.180,00;7,22M;-1,01%
21/12/2020;1.158,00;1.180,00;1.180,00;1.125,00;8,38M;-1,86%
22/12/2020;1.175,00;1.162,00;1.176,00;1.158,00;4,76M;1,47%
23/12/2020;1.188,00;1.180,00;1.189,00;1.177,00;2,46M;1,11%
24/12/2020;1.185,00;1.180,00;1.186,00;1.180,00;146,51K;-0,25%
28/12/2020;1.190,00;1.185,00;1.190,00;1.166,00;2,45M;0,42%
29/12/2020;1.210,00;1.189,00;1.210,00;1.189,00;5,50M;1,68%
30/12/2020;1.194,00;1.210,00;1.210,00;1.191,00;1,92M;-1,32%
4/01/2021;1.175,00;1.200,00;1.210,00;1.162,00;4,59M;-1,59%
5/01/2021;1.152,00;1.165,00;1.175,00;1.139,00;4,42M;-1,96%
6/01/2021;1.170,00;1.148,00;1.179,00;1.148,00;4,46M;1,56%
7/01/2021;1.170,00;1.176,00;1.186,00;1.167,00;5,15M;0,00%
8/01/2021;1.165,00;1.170,00;1.170,00;1.157,00;1,97M;-0,43%
12/01/2021;1.163,00;1.163,00;1.170,00;1.159,00;2,64M;-0,17%
13/01/2021;1.161,00;1.162,00;1.162,00;1.152,00;3,81M;-0,17%
14/01/2021;1.169,00;1.160,00;1.174,00;1.160,00;12,39M;0,69%
15/01/2021;1.165,00;1.162,00;1.168,00;1.158,00;2,53M;-0,34%
18/01/2021;1.165,00;1.162,00;1.165,00;1.153,00;1,65M;0,00%
19/01/2021;1.161,00;1.169,00;1.170,00;1.160,00;4,87M;-0,34%
20/01/2021;1.167,00;1.153,00;1.168,00;1.150,00;1,82M;0,52%
21/01/2021;1.167,00;1.167,00;1.171,00;1.165,00;4,04M;0,00%
22/01/2021;1.155,00;1.161,00;1.165,00;1.146,00;4,92M;-1,03%
25/01/2021;1.150,00;1.150,00;1.165,00;1.149,00;11,95M;-0,43%
26/01/2021;1.156,00;1.160,00;1.166,00;1.150,00;5,73M;0,52%
27/01/2021;1.144,00;1.147,00;1.149,00;1.140,00;4,87M;-1,04%
28/01/2021;1.165,00;1.144,00;1.165,00;1.144,00;4,16M;1,84%
29/01/2021;1.158,00;1.160,00;1.165,00;1.145,00;10,11M;-0,60%
1/02/2021;1.167,00;1.152,00;1.167,00;1.152,00;6,20M;0,78%
2/02/2021;1.182,00;1.168,00;1.184,00;1.162,00;20,17M;1,29%
3/02/2021;1.188,00;1.183,00;1.188,00;1.182,00;4,10M;0,51%
4/02/2021;1.188,00;1.182,00;1.188,00;1.179,00;1,84M;0,00%
5/02/2021;1.191,00;1.189,00;1.194,00;1.189,00;4,35M;0,25%
8/02/2021;1.204,00;1.197,00;1.208,00;1.195,00;5,93M;1,09%
9/02/2021;1.199,00;1.205,00;1.209,00;1.198,00;4,62M;-0,42%
10/02/2021;1.203,00;1.207,00;1.207,00;1.196,00;3,29M;0,33%
11/02/2021;1.196,00;1.197,00;1.200,00;1.188,00;2,27M;-0,58%
12/02/2021;1.194,00;1.186,00;1.195,00;1.186,00;1,17M;-0,17%
15/02/2021;1.191,00;1.199,00;1.199,00;1.190,00;299,57K;-0,25%
16/02/2021;1.185,00;1.193,00;1.200,00;1.185,00;4,41M;-0,50%
17/02/2021;1.192,00;1.189,00;1.192,00;1.172,00;32,41M;0,59%
18/02/2021;1.184,00;1.175,00;1.198,00;1.175,00;3,43M;-0,67%
19/02/2021;1.183,00;1.189,00;1.193,00;1.183,00;3,70M;-0,08%
22/02/2021;1.190,00;1.188,00;1.194,00;1.178,00;4,74M;0,59%
23/02/2021;1.186,00;1.182,00;1.189,00;1.182,00;5,80M;-0,34%
24/02/2021;1.188,00;1.180,00;1.190,00;1.180,00;8,69M;0,17%
25/02/2021;1.160,00;1.178,00;1.178,00;1.160,00;5,50M;-2,36%
26/02/2021;1.188,00;1.160,00;1.188,00;1.136,00;4,78M;2,41%
1/03/2021;1.176,00;1.171,00;1.179,00;1.171,00;1,90M;-1,01%
2/03/2021;1.162,00;1.180,00;1.186,00;1.162,00;5,86M;-1,19%
3/03/2021;1.169,00;1.170,00;1.173,00;1.165,00;37,16M;0,60%
4/03/2021;1.160,00;1.169,00;1.172,00;1.150,00;12,24M;-0,77%
5/03/2021;1.155,00;1.155,00;1.164,00;1.145,00;4,34M;-0,43%
8/03/2021;1.159,00;1.155,00;1.160,00;1.135,00;1,57M;0,35%
9/03/2021;1.165,00;1.149,00;1.165,00;1.145,00;1,88M;0,52%
10/03/2021;1.160,00;1.160,00;1.161,00;1.160,00;1,09M;-0,43%
11/03/2021;1.172,00;1.155,00;1.172,00;1.155,00;4,59M;1,03%
12/03/2021;1.164,00;1.172,00;1.179,00;1.164,00;5,30M;-0,68%
15/03/2021;1.170,00;1.161,00;1.177,00;1.161,00;2,49M;0,52%
16/03/2021;1.174,00;1.165,00;1.176,00;1.164,00;3,37M;0,34%
17/03/2021;1.152,00;1.170,00;1.176,00;1.152,00;3,78M;-1,87%
18/03/2021;1.140,00;1.155,00;1.155,00;1.140,00;4,64M;-1,04%
19/03/2021;1.142,00;1.140,00;1.142,00;1.124,00;9,19M;0,18%
23/03/2021;1.170,00;1.135,00;1.170,00;1.127,00;17,80M;2,45%
24/03/2021;1.158,00;1.167,00;1.174,00;1.158,00;1,34M;-1,03%
25/03/2021;1.155,00;1.157,00;1.169,00;1.143,00;1,39M;-0,26%
26/03/2021;1.146,00;1.150,00;1.151,00;1.146,00;1,63M;-0,78%
29/03/2021;1.159,00;1.150,00;1.159,00;1.145,00;693,52K;1,13%
30/03/2021;1.155,00;1.145,00;1.155,00;1.142,00;771,64K;-0,35%
31/03/2021;1.144,00;1.157,00;1.158,00;1.144,00;180,18K;-0,95%
5/04/2021;1.154,00;1.146,00;1.154,00;1.143,00;1,06M;0,87%
6/04/2021;1.159,00;1.151,00;1.163,00;1.145,00;1,39M;0,43%
7/04/2021;1.155,00;1.150,00;1.165,00;1.150,00;1,66M;-0,35%
8/04/2021;1.147,00;1.155,00;1.160,00;1.147,00;3,87M;-0,69%
9/04/2021;1.151,00;1.157,00;1.157,00;1.147,00;892,66K;0,35%
12/04/2021;1.155,00;1.152,00;1.155,00;1.143,00;1,36M;0,35%
13/04/2021;1.148,00;1.148,00;1.151,00;1.143,00;1,54M;-0,61%
14/04/2021;1.160,00;1.156,00;1.160,00;1.151,00;1,65M;1,05%
15/04/2021;1.152,00;1.156,00;1.156,00;1.152,00;1,09M;-0,69%
16/04/2021;1.161,00;1.151,00;1.163,00;1.151,00;1,78M;0,78%
19/04/2021;1.150,00;1.160,00;1.160,00;1.146,00;1,73M;-0,95%
20/04/2021;1.150,00;1.149,00;1.153,00;1.141,00;5,52M;0,00%
21/04/2021;1.145,00;1.149,00;1.159,00;1.145,00;5,28M;-0,43%
22/04/2021;1.150,00;1.146,00;1.153,00;1.145,00;2,67M;0,44%
23/04/2021;1.140,00;1.146,00;1.149,00;1.140,00;2,61M;-0,87%
26/04/2021;1.158,00;1.145,00;1.159,00;1.141,00;1,79M;1,58%
27/04/2021;1.160,00;1.160,00;1.178,00;1.155,00;5,11M;0,17%
28/04/2021;1.141,00;1.155,00;1.156,00;1.140,00;7,10M;-1,64%
29/04/2021;1.135,00;1.155,00;1.155,00;1.135,00;980,44K;-0,53%
30/04/2021;1.105,00;1.135,00;1.135,00;1.105,00;2,14M;-2,64%
3/05/2021;1.065,00;1.115,00;1.115,00;1.051,00;3,36M;-3,62%
4/05/2021;1.030,00;1.070,00;1.085,00;1.022,00;6,63M;-3,29%
5/05/2021;1.056,00;1.044,00;1.067,00;1.042,00;8,82M;2,52%
6/05/2021;1.079,00;1.051,00;1.087,00;1.044,00;6,16M;2,18%
7/05/2021;1.090,00;1.078,00;1.097,00;1.068,00;3,29M;1,02%
10/05/2021;1.120,00;1.098,00;1.120,00;1.098,00;2,04M;2,75%
11/05/2021;1.109,00;1.100,00;1.110,00;1.100,00;2,92M;-0,98%
12/05/2021;1.100,00;1.109,00;1.118,00;1.099,00;4,11M;-0,81%
13/05/2021;1.102,00;1.100,00;1.108,00;1.100,00;2,44M;0,18%
14/05/2021;1.115,00;1.102,00;1.118,00;1.102,00;1,67M;1,18%
18/05/2021;1.100,00;1.107,00;1.107,00;1.095,00;866,44K;-1,35%
19/05/2021;1.089,00;1.100,00;1.100,00;1.083,00;3,33M;-1,00%
20/05/2021;1.090,00;1.068,00;1.090,00;1.050,00;4,75M;0,09%
21/05/2021;1.105,00;1.099,00;1.115,00;1.099,00;5,01M;1,38%
24/05/2021;1.088,00;1.100,00;1.119,00;1.088,00;1,80M;-1,54%
25/05/2021;1.080,00;1.087,00;1.087,00;1.066,00;3,67M;-0,74%
26/05/2021;1.051,00;1.079,00;1.079,00;1.051,00;2,50M;-2,69%
27/05/2021;1.053,00;1.065,00;1.085,00;1.052,00;8,13M;0,19%
28/05/2021;1.066,00;1.072,00;1.089,00;1.062,00;3,95M;1,23%
31/05/2021;1.078,00;1.088,00;1.088,00;1.056,00;1,02M;1,13%
1/06/2021;1.075,00;1.090,00;1.090,00;1.071,00;2,43M;-0,28%
2/06/2021;1.095,00;1.079,00;1.095,00;1.079,00;2,92M;1,86%
3/06/2021;1.109,00;1.081,00;1.109,00;1.080,00;1,76M;1,28%
4/06/2021;1.090,00;1.085,00;1.105,00;1.085,00;1,70M;-1,71%
8/06/2021;1.079,00;1.090,00;1.090,00;1.075,00;1,33M;-1,01%
9/06/2021;1.066,00;1.080,00;1.080,00;1.061,00;10,94M;-1,20%
10/06/2021;1.071,00;1.075,00;1.083,00;1.068,00;1,01M;0,47%
11/06/2021;1.083,00;1.055,00;1.083,00;1.054,00;23,11M;1,12%
15/06/2021;1.090,00;1.082,00;1.090,00;1.071,00;6,51M;0,65%
16/06/2021;1.109,00;1.090,00;1.109,00;1.081,00;4,80M;1,74%
17/06/2021;1.098,00;1.092,00;1.098,00;1.084,00;6,42M;-0,99%
18/06/2021;1.100,00;1.085,00;1.100,00;1.085,00;8,70M;0,18%
21/06/2021;1.087,00;1.085,00;1.103,00;1.085,00;2,06M;-1,18%
22/06/2021;1.080,00;1.091,00;1.091,00;1.071,00;4,08M;-0,64%
23/06/2021;1.096,00;1.075,00;1.099,00;1.071,00;2,08M;1,48%
24/06/2021;1.099,00;1.090,00;1.114,00;1.090,00;2,12M;0,27%
25/06/2021;1.119,00;1.091,00;1.119,00;1.091,00;2,97M;1,82%
28/06/2021;1.100,00;1.098,00;1.100,00;1.085,00;5,33M;-1,70%
29/06/2021;1.089,00;1.100,00;1.100,00;1.086,00;1,45M;-1,00%
30/06/2021;1.083,00;1.087,00;1.089,00;1.081,00;3,74M;-0,55%
1/07/2021;1.095,00;1.085,00;1.095,00;1.080,00;1,46M;1,11%
2/07/2021;1.092,00;1.076,00;1.101,00;1.076,00;3,90M;-0,27%
6/07/2021;1.086,00;1.104,00;1.104,00;1.085,00;3,73M;-0,55%
7/07/2021;1.095,00;1.086,00;1.095,00;1.086,00;1,56M;0,83%
8/07/2021;1.091,00;1.090,00;1.097,00;1.086,00;3,77M;-0,37%
9/07/2021;1.100,00;1.095,00;1.110,00;1.091,00;4,58M;0,82%
12/07/2021;1.115,00;1.090,00;1.118,00;1.090,00;5,70M;1,36%
13/07/2021;1.115,00;1.107,00;1.118,00;1.107,00;1,20M;0,00%
14/07/2021;1.097,00;1.115,00;1.115,00;1.097,00;3,71M;-1,61%
15/07/2021;1.080,00;1.095,00;1.096,00;1.080,00;5,77M;-1,55%
16/07/2021;1.085,00;1.090,00;1.090,00;1.080,00;909,89K;0,46%
19/07/2021;1.060,00;1.065,00;1.067,00;1.056,00;909,50K;-2,30%
21/07/2021;1.070,00;1.070,00;1.078,00;1.063,00;2,58M;0,94%
22/07/2021;1.031,00;1.065,00;1.070,00;1.000,00;223,57M;-3,64%
23/07/2021;1.045,00;1.047,00;1.049,00;1.036,00;9,08M;1,36%
26/07/2021;1.060,00;1.059,00;1.060,00;1.054,00;2,12M;1,44%
27/07/2021;1.033,00;1.062,00;1.066,00;1.032,00;4,03M;-2,55%
28/07/2021;1.035,00;1.033,00;1.035,00;1.026,00;2,87M;0,19%
29/07/2021;1.045,00;1.032,00;1.045,00;1.025,00;2,13M;0,97%
30/07/2021;1.024,00;1.035,00;1.035,00;1.024,00;1,42M;-2,01%
2/08/2021;1.025,00;1.028,00;1.028,00;1.022,00;977,44K;0,10%
3/08/2021;1.027,00;1.035,00;1.035,00;1.020,00;1,22M;0,20%
4/08/2021;1.025,00;1.026,00;1.040,00;1.021,00;2,76M;-0,19%
5/08/2021;1.028,00;1.024,00;1.032,00;1.022,00;1,47M;0,29%
6/08/2021;1.029,00;1.020,00;1.032,00;1.020,00;4,39M;0,10%
9/08/2021;1.025,00;1.023,00;1.030,00;1.023,00;1,18M;-0,39%
10/08/2021;1.025,00;1.030,00;1.030,00;1.025,00;5,69M;0,00%
11/08/2021;1.031,00;1.034,00;1.039,00;1.023,00;11,08M;0,59%
12/08/2021;1.035,00;1.040,00;1.055,00;1.029,00;19,91M;0,39%
13/08/2021;1.031,00;1.033,00;1.043,00;1.002,00;155,71M;-0,39%
17/08/2021;1.085,00;1.045,00;1.085,00;1.045,00;11,92M;5,24%
18/08/2021;1.100,00;1.086,00;1.108,00;1.086,00;6,22M;1,38%
19/08/2021;1.115,00;1.096,00;1.115,00;1.094,00;6,82M;1,36%
20/08/2021;1.119,00;1.115,00;1.121,00;1.114,00;9,38M;0,36%
23/08/2021;1.129,00;1.123,00;1.135,00;1.123,00;6,96M;0,89%
24/08/2021;1.122,00;1.132,00;1.142,00;1.122,00;5,35M;-0,62%
25/08/2021;1.130,00;1.136,00;1.137,00;1.125,00;6,03M;0,71%
26/08/2021;1.118,00;1.129,00;1.133,00;1.113,00;5,24M;-1,06%
27/08/2021;1.126,00;1.110,00;1.127,00;1.110,00;8,83M;0,72%
30/08/2021;1.119,00;1.116,00;1.121,00;1.113,00;1,50M;-0,62%
31/08/2021;1.120,00;1.114,00;1.120,00;1.110,00;3,53M;0,09%
1/09/2021;1.120,00;1.119,00;1.125,00;1.114,00;2,67M;0,00%
2/09/2021;1.140,00;1.130,00;1.141,00;1.125,00;3,88M;1,79%
3/09/2021;1.135,00;1.140,00;1.140,00;1.125,00;2,43M;-0,44%
6/09/2021;1.126,00;1.128,00;1.135,00;1.125,00;734,52K;-0,79%
7/09/2021;1.126,00;1.135,00;1.135,00;1.117,00;4,16M;0,00%
8/09/2021;1.120,00;1.126,00;1.126,00;1.116,00;3,90M;-0,53%
9/09/2021;1.114,00;1.117,00;1.128,00;1.112,00;15,17M;-0,54%
10/09/2021;1.115,00;1.114,00;1.125,00;1.113,00;2,70M;0,09%
13/09/2021;1.115,00;1.120,00;1.125,00;1.103,00;2,47M;0,00%
14/09/2021;1.115,00;1.107,00;1.115,00;1.107,00;3,15M;0,00%
15/09/2021;1.114,00;1.111,00;1.120,00;1.111,00;5,63M;-0,09%
16/09/2021;1.115,00;1.111,00;1.117,00;1.111,00;9,23M;0,09%
17/09/2021;1.130,00;1.120,00;1.130,00;1.110,00;10,35M;1,35%
20/09/2021;1.103,00;1.109,00;1.119,00;1.100,00;4,09M;-2,39%
21/09/2021;1.089,00;1.109,00;1.109,00;1.089,00;2,83M;-1,27%
22/09/2021;1.096,00;1.099,00;1.106,00;1.095,00;2,00M;0,64%
23/09/2021;1.101,00;1.100,00;1.111,00;1.086,00;6,13M;0,46%
24/09/2021;1.103,00;1.096,00;1.105,00;1.096,00;2,06M;0,18%
27/09/2021;1.120,00;1.100,00;1.120,00;1.100,00;14,54M;1,54%
28/09/2021;1.110,00;1.110,00;1.118,00;1.109,00;14,90M;-0,89%
29/09/2021;1.117,00;1.111,00;1.118,00;1.111,00;1,84M;0,63%
30/09/2021;1.119,00;1.120,00;1.120,00;1.112,00;1,86M;0,18%
1/10/2021;1.124,00;1.113,00;1.125,00;1.113,00;4,15M;0,45%
4/10/2021;1.126,00;1.120,00;1.129,00;1.120,00;5,98M;0,18%
5/10/2021;1.130,00;1.129,00;1.137,00;1.122,00;21,49M;0,36%
6/10/2021;1.127,00;1.125,00;1.127,00;1.120,00;23,57M;-0,27%
7/10/2021;1.138,00;1.117,00;1.145,00;1.117,00;5,58M;0,98%
8/10/2021;1.140,00;1.131,00;1.140,00;1.131,00;2,22M;0,18%
11/10/2021;1.136,00;1.136,00;1.143,00;1.136,00;3,18M;-0,35%
12/10/2021;1.130,00;1.135,00;1.139,00;1.126,00;3,99M;-0,53%
13/10/2021;1.132,00;1.128,00;1.132,00;1.124,00;18,22M;0,18%
14/10/2021;1.138,00;1.123,00;1.139,00;1.123,00;4,96M;0,53%
15/10/2021;1.155,00;1.138,00;1.157,00;1.133,00;6,25M;1,49%
19/10/2021;1.140,00;1.155,00;1.155,00;1.138,00;5,05M;-1,30%
20/10/2021;1.145,00;1.136,00;1.150,00;1.136,00;1,24M;0,44%
21/10/2021;1.140,00;1.149,00;1.150,00;1.133,00;6,18M;-0,44%
22/10/2021;1.140,00;1.140,00;1.144,00;1.137,00;2,27M;0,00%
25/10/2021;1.139,00;1.141,00;1.150,00;1.135,00;5,17M;-0,09%
26/10/2021;1.155,00;1.145,00;1.155,00;1.145,00;4,67M;1,40%
27/10/2021;1.146,00;1.145,00;1.157,00;1.145,00;2,64M;-0,78%
28/10/2021;1.154,00;1.146,00;1.154,00;1.146,00;2,77M;0,70%
29/10/2021;1.150,00;1.150,00;1.150,00;1.144,00;2,03M;-0,35%
2/11/2021;1.140,00;1.146,00;1.150,00;1.140,00;6,16M;-0,87%
3/11/2021;1.144,00;1.147,00;1.147,00;1.142,00;9,20M;0,35%
4/11/2021;1.138,00;1.146,00;1.148,00;1.138,00;3,57M;-0,52%
;;;;;;
;;;;;;
;;;;;;
;;;;;;
;;;;;;
;;;;;;
;;;;;;
;;;;;;
;;;;;;
;;;;;;
;;;;;;
;;;;;;
;;;;;;
;;;;;;
;;;;;;
;;;;;;
